#,Name,Type 1,Type 2,Total,HP,Attack,Defense,Sp. Atk,Sp. Def,Speed
 001,Bulbasaur,Grass,Poison,318,45,49,49,65,65,45
 002,Ivysaur,Grass,Poison,405,60,62,63,80,80,60
 003,Venusaur,Grass,Poison,525,80,82,83,100,100,80
 003,VenusaurMega Venusaur,Grass,Poison,625,80,100,123,122,120,80
 004,Charmander,Fire,,309,39,52,43,60,50,65
 005,Charmeleon,Fire,,405,58,64,58,80,65,80
 006,Charizard,Fire,Flying,534,78,84,78,109,85,100
 006,CharizardMega Charizard X,Fire,Dragon,634,78,130,111,130,85,100
 006,CharizardMega Charizard Y,Fire,Flying,634,78,104,78,159,115,100
 007,Squirtle,Water,,314,44,48,65,50,64,43
 008,Wartortle,Water,,405,59,63,80,65,80,58
 009,Blastoise,Water,,530,79,83,100,85,105,78
 009,BlastoiseMega Blastoise,Water,,630,79,103,120,135,115,78
 010,Caterpie,Bug,,195,45,30,35,20,20,45
 011,Metapod,Bug,,205,50,20,55,25,25,30
 012,Butterfree,Bug,Flying,395,60,45,50,90,80,70
 013,Weedle,Bug,Poison,195,40,35,30,20,20,50
 014,Kakuna,Bug,Poison,205,45,25,50,25,25,35
 015,Beedrill,Bug,Poison,395,65,90,40,45,80,75
 015,BeedrillMega Beedrill,Bug,Poison,495,65,150,40,15,80,145
 016,Pidgey,Normal,Flying,251,40,45,40,35,35,56
 017,Pidgeotto,Normal,Flying,349,63,60,55,50,50,71
 018,Pidgeot,Normal,Flying,479,83,80,75,70,70,101
 018,PidgeotMega Pidgeot,Normal,Flying,579,83,80,80,135,80,121
 019,Rattata,Normal,,253,30,56,35,25,35,72
 020,Raticate,Normal,,413,55,81,60,50,70,97
 021,Spearow,Normal,Flying,262,40,60,30,31,31,70
 022,Fearow,Normal,Flying,442,65,90,65,61,61,100
 023,Ekans,Poison,,288,35,60,44,40,54,55
 024,Arbok,Poison,,438,60,85,69,65,79,80
 025,Pikachu,Electric,,320,35,55,40,50,50,90
 026,Raichu,Electric,,485,60,90,55,90,80,110
 027,Sandshrew,Ground,,300,50,75,85,20,30,40
 028,Sandslash,Ground,,450,75,100,110,45,55,65
 029,Nidoran♀,Poison,,275,55,47,52,40,40,41
 030,Nidorina,Poison,,365,70,62,67,55,55,56
 031,Nidoqueen,Poison,Ground,505,90,92,87,75,85,76
 032,Nidoran♂,Poison,,273,46,57,40,40,40,50
 033,Nidorino,Poison,,365,61,72,57,55,55,65
 034,Nidoking,Poison,Ground,505,81,102,77,85,75,85
 035,Clefairy,Fairy,,323,70,45,48,60,65,35
 036,Clefable,Fairy,,483,95,70,73,95,90,60
 037,Vulpix,Fire,,299,38,41,40,50,65,65
 038,Ninetales,Fire,,505,73,76,75,81,100,100
 039,Jigglypuff,Normal,Fairy,270,115,45,20,45,25,20
 040,Wigglytuff,Normal,Fairy,435,140,70,45,85,50,45
 041,Zubat,Poison,Flying,245,40,45,35,30,40,55
 042,Golbat,Poison,Flying,455,75,80,70,65,75,90
 043,Oddish,Grass,Poison,320,45,50,55,75,65,30
 044,Gloom,Grass,Poison,395,60,65,70,85,75,40
 045,Vileplume,Grass,Poison,490,75,80,85,110,90,50
 046,Paras,Bug,Grass,285,35,70,55,45,55,25
 047,Parasect,Bug,Grass,405,60,95,80,60,80,30
 048,Venonat,Bug,Poison,305,60,55,50,40,55,45
 049,Venomoth,Bug,Poison,450,70,65,60,90,75,90
 050,Diglett,Ground,,265,10,55,25,35,45,95
 051,Dugtrio,Ground,,405,35,80,50,50,70,120
 052,Meowth,Normal,,290,40,45,35,40,40,90
 053,Persian,Normal,,440,65,70,60,65,65,115
 054,Psyduck,Water,,320,50,52,48,65,50,55
 055,Golduck,Water,,500,80,82,78,95,80,85
 056,Mankey,Fighting,,305,40,80,35,35,45,70
 057,Primeape,Fighting,,455,65,105,60,60,70,95
 058,Growlithe,Fire,,350,55,70,45,70,50,60
 059,Arcanine,Fire,,555,90,110,80,100,80,95
 060,Poliwag,Water,,300,40,50,40,40,40,90
 061,Poliwhirl,Water,,385,65,65,65,50,50,90
 062,Poliwrath,Water,Fighting,510,90,95,95,70,90,70
 063,Abra,Psychic,,310,25,20,15,105,55,90
 064,Kadabra,Psychic,,400,40,35,30,120,70,105
 065,Alakazam,Psychic,,500,55,50,45,135,95,120
 065,AlakazamMega Alakazam,Psychic,,590,55,50,65,175,95,150
 066,Machop,Fighting,,305,70,80,50,35,35,35
 067,Machoke,Fighting,,405,80,100,70,50,60,45
 068,Machamp,Fighting,,505,90,130,80,65,85,55
 069,Bellsprout,Grass,Poison,300,50,75,35,70,30,40
 070,Weepinbell,Grass,Poison,390,65,90,50,85,45,55
 071,Victreebel,Grass,Poison,490,80,105,65,100,70,70
 072,Tentacool,Water,Poison,335,40,40,35,50,100,70
 073,Tentacruel,Water,Poison,515,80,70,65,80,120,100
 074,Geodude,Rock,Ground,300,40,80,100,30,30,20
 075,Graveler,Rock,Ground,390,55,95,115,45,45,35
 076,Golem,Rock,Ground,495,80,120,130,55,65,45
 077,Ponyta,Fire,,410,50,85,55,65,65,90
 078,Rapidash,Fire,,500,65,100,70,80,80,105
 079,Slowpoke,Water,Psychic,315,90,65,65,40,40,15
 080,Slowbro,Water,Psychic,490,95,75,110,100,80,30
 080,SlowbroMega Slowbro,Water,Psychic,590,95,75,180,130,80,30
 081,Magnemite,Electric,Steel,325,25,35,70,95,55,45
 082,Magneton,Electric,Steel,465,50,60,95,120,70,70
 083,Farfetch'd,Normal,Flying,352,52,65,55,58,62,60
 084,Doduo,Normal,Flying,310,35,85,45,35,35,75
 085,Dodrio,Normal,Flying,460,60,110,70,60,60,100
 086,Seel,Water,,325,65,45,55,45,70,45
 087,Dewgong,Water,Ice,475,90,70,80,70,95,70
 088,Grimer,Poison,,325,80,80,50,40,50,25
 089,Muk,Poison,,500,105,105,75,65,100,50
 090,Shellder,Water,,305,30,65,100,45,25,40
 091,Cloyster,Water,Ice,525,50,95,180,85,45,70
 092,Gastly,Ghost,Poison,310,30,35,30,100,35,80
 093,Haunter,Ghost,Poison,405,45,50,45,115,55,95
 094,Gengar,Ghost,Poison,500,60,65,60,130,75,110
 094,GengarMega Gengar,Ghost,Poison,600,60,65,80,170,95,130
 095,Onix,Rock,Ground,385,35,45,160,30,45,70
 096,Drowzee,Psychic,,328,60,48,45,43,90,42
 097,Hypno,Psychic,,483,85,73,70,73,115,67
 098,Krabby,Water,,325,30,105,90,25,25,50
 099,Kingler,Water,,475,55,130,115,50,50,75
 100,Voltorb,Electric,,330,40,30,50,55,55,100
 101,Electrode,Electric,,480,60,50,70,80,80,140
 102,Exeggcute,Grass,Psychic,325,60,40,80,60,45,40
 103,Exeggutor,Grass,Psychic,520,95,95,85,125,65,55
 104,Cubone,Ground,,320,50,50,95,40,50,35
 105,Marowak,Ground,,425,60,80,110,50,80,45
 106,Hitmonlee,Fighting,,455,50,120,53,35,110,87
 107,Hitmonchan,Fighting,,455,50,105,79,35,110,76
 108,Lickitung,Normal,,385,90,55,75,60,75,30
 109,Koffing,Poison,,340,40,65,95,60,45,35
 110,Weezing,Poison,,490,65,90,120,85,70,60
 111,Rhyhorn,Ground,Rock,345,80,85,95,30,30,25
 112,Rhydon,Ground,Rock,485,105,130,120,45,45,40
 113,Chansey,Normal,,450,250,5,5,35,105,50
 114,Tangela,Grass,,435,65,55,115,100,40,60
 115,Kangaskhan,Normal,,490,105,95,80,40,80,90
 115,KangaskhanMega Kangaskhan,Normal,,590,105,125,100,60,100,100
 116,Horsea,Water,,295,30,40,70,70,25,60
 117,Seadra,Water,,440,55,65,95,95,45,85
 118,Goldeen,Water,,320,45,67,60,35,50,63
 119,Seaking,Water,,450,80,92,65,65,80,68
 120,Staryu,Water,,340,30,45,55,70,55,85
 121,Starmie,Water,Psychic,520,60,75,85,100,85,115
 122,Mr. Mime,Psychic,Fairy,460,40,45,65,100,120,90
 123,Scyther,Bug,Flying,500,70,110,80,55,80,105
 124,Jynx,Ice,Psychic,455,65,50,35,115,95,95
 125,Electabuzz,Electric,,490,65,83,57,95,85,105
 126,Magmar,Fire,,495,65,95,57,100,85,93
 127,Pinsir,Bug,,500,65,125,100,55,70,85
 127,PinsirMega Pinsir,Bug,Flying,600,65,155,120,65,90,105
 128,Tauros,Normal,,490,75,100,95,40,70,110
 129,Magikarp,Water,,200,20,10,55,15,20,80
 130,Gyarados,Water,Flying,540,95,125,79,60,100,81
 130,GyaradosMega Gyarados,Water,Dark,640,95,155,109,70,130,81
 131,Lapras,Water,Ice,535,130,85,80,85,95,60
 132,Ditto,Normal,,288,48,48,48,48,48,48
 133,Eevee,Normal,,325,55,55,50,45,65,55
 134,Vaporeon,Water,,525,130,65,60,110,95,65
 135,Jolteon,Electric,,525,65,65,60,110,95,130
 136,Flareon,Fire,,525,65,130,60,95,110,65
 137,Porygon,Normal,,395,65,60,70,85,75,40
 138,Omanyte,Rock,Water,355,35,40,100,90,55,35
 139,Omastar,Rock,Water,495,70,60,125,115,70,55
 140,Kabuto,Rock,Water,355,30,80,90,55,45,55
 141,Kabutops,Rock,Water,495,60,115,105,65,70,80
 142,Aerodactyl,Rock,Flying,515,80,105,65,60,75,130
 142,AerodactylMega Aerodactyl,Rock,Flying,615,80,135,85,70,95,150
 143,Snorlax,Normal,,540,160,110,65,65,110,30
 144,Articuno,Ice,Flying,580,90,85,100,95,125,85
 145,Zapdos,Electric,Flying,580,90,90,85,125,90,100
 146,Moltres,Fire,Flying,580,90,100,90,125,85,90
 147,Dratini,Dragon,,300,41,64,45,50,50,50
 148,Dragonair,Dragon,,420,61,84,65,70,70,70
 149,Dragonite,Dragon,Flying,600,91,134,95,100,100,80
 150,Mewtwo,Psychic,,680,106,110,90,154,90,130
 150,MewtwoMega Mewtwo X,Psychic,Fighting,780,106,190,100,154,100,130
 150,MewtwoMega Mewtwo Y,Psychic,,780,106,150,70,194,120,140
 151,Mew,Psychic,,600,100,100,100,100,100,100
 152,Chikorita,Grass,,318,45,49,65,49,65,45
 153,Bayleef,Grass,,405,60,62,80,63,80,60
 154,Meganium,Grass,,525,80,82,100,83,100,80
 155,Cyndaquil,Fire,,309,39,52,43,60,50,65
 156,Quilava,Fire,,405,58,64,58,80,65,80
 157,Typhlosion,Fire,,534,78,84,78,109,85,100
 158,Totodile,Water,,314,50,65,64,44,48,43
 159,Croconaw,Water,,405,65,80,80,59,63,58
 160,Feraligatr,Water,,530,85,105,100,79,83,78
 161,Sentret,Normal,,215,35,46,34,35,45,20
 162,Furret,Normal,,415,85,76,64,45,55,90
 163,Hoothoot,Normal,Flying,262,60,30,30,36,56,50
 164,Noctowl,Normal,Flying,442,100,50,50,76,96,70
 165,Ledyba,Bug,Flying,265,40,20,30,40,80,55
 166,Ledian,Bug,Flying,390,55,35,50,55,110,85
 167,Spinarak,Bug,Poison,250,40,60,40,40,40,30
 168,Ariados,Bug,Poison,390,70,90,70,60,60,40
 169,Crobat,Poison,Flying,535,85,90,80,70,80,130
 170,Chinchou,Water,Electric,330,75,38,38,56,56,67
 171,Lanturn,Water,Electric,460,125,58,58,76,76,67
 172,Pichu,Electric,,205,20,40,15,35,35,60
 173,Cleffa,Fairy,,218,50,25,28,45,55,15
 174,Igglybuff,Normal,Fairy,210,90,30,15,40,20,15
 175,Togepi,Fairy,,245,35,20,65,40,65,20
 176,Togetic,Fairy,Flying,405,55,40,85,80,105,40
 177,Natu,Psychic,Flying,320,40,50,45,70,45,70
 178,Xatu,Psychic,Flying,470,65,75,70,95,70,95
 179,Mareep,Electric,,280,55,40,40,65,45,35
 180,Flaaffy,Electric,,365,70,55,55,80,60,45
 181,Ampharos,Electric,,510,90,75,85,115,90,55
 181,AmpharosMega Ampharos,Electric,Dragon,610,90,95,105,165,110,45
 182,Bellossom,Grass,,490,75,80,95,90,100,50
 183,Marill,Water,Fairy,250,70,20,50,20,50,40
 184,Azumarill,Water,Fairy,420,100,50,80,60,80,50
 185,Sudowoodo,Rock,,410,70,100,115,30,65,30
 186,Politoed,Water,,500,90,75,75,90,100,70
 187,Hoppip,Grass,Flying,250,35,35,40,35,55,50
 188,Skiploom,Grass,Flying,340,55,45,50,45,65,80
 189,Jumpluff,Grass,Flying,460,75,55,70,55,95,110
 190,Aipom,Normal,,360,55,70,55,40,55,85
 191,Sunkern,Grass,,180,30,30,30,30,30,30
 192,Sunflora,Grass,,425,75,75,55,105,85,30
 193,Yanma,Bug,Flying,390,65,65,45,75,45,95
 194,Wooper,Water,Ground,210,55,45,45,25,25,15
 195,Quagsire,Water,Ground,430,95,85,85,65,65,35
 196,Espeon,Psychic,,525,65,65,60,130,95,110
 197,Umbreon,Dark,,525,95,65,110,60,130,65
 198,Murkrow,Dark,Flying,405,60,85,42,85,42,91
 199,Slowking,Water,Psychic,490,95,75,80,100,110,30
 200,Misdreavus,Ghost,,435,60,60,60,85,85,85
 201,Unown,Psychic,,336,48,72,48,72,48,48
 202,Wobbuffet,Psychic,,405,190,33,58,33,58,33
 203,Girafarig,Normal,Psychic,455,70,80,65,90,65,85
 204,Pineco,Bug,,290,50,65,90,35,35,15
 205,Forretress,Bug,Steel,465,75,90,140,60,60,40
 206,Dunsparce,Normal,,415,100,70,70,65,65,45
 207,Gligar,Ground,Flying,430,65,75,105,35,65,85
 208,Steelix,Steel,Ground,510,75,85,200,55,65,30
 208,SteelixMega Steelix,Steel,Ground,610,75,125,230,55,95,30
 209,Snubbull,Fairy,,300,60,80,50,40,40,30
 210,Granbull,Fairy,,450,90,120,75,60,60,45
 211,Qwilfish,Water,Poison,430,65,95,75,55,55,85
 212,Scizor,Bug,Steel,500,70,130,100,55,80,65
 212,ScizorMega Scizor,Bug,Steel,600,70,150,140,65,100,75
 213,Shuckle,Bug,Rock,505,20,10,230,10,230,5
 214,Heracross,Bug,Fighting,500,80,125,75,40,95,85
 214,HeracrossMega Heracross,Bug,Fighting,600,80,185,115,40,105,75
 215,Sneasel,Dark,Ice,430,55,95,55,35,75,115
 216,Teddiursa,Normal,,330,60,80,50,50,50,40
 217,Ursaring,Normal,,500,90,130,75,75,75,55
 218,Slugma,Fire,,250,40,40,40,70,40,20
 219,Magcargo,Fire,Rock,410,50,50,120,80,80,30
 220,Swinub,Ice,Ground,250,50,50,40,30,30,50
 221,Piloswine,Ice,Ground,450,100,100,80,60,60,50
 222,Corsola,Water,Rock,380,55,55,85,65,85,35
 223,Remoraid,Water,,300,35,65,35,65,35,65
 224,Octillery,Water,,480,75,105,75,105,75,45
 225,Delibird,Ice,Flying,330,45,55,45,65,45,75
 226,Mantine,Water,Flying,465,65,40,70,80,140,70
 227,Skarmory,Steel,Flying,465,65,80,140,40,70,70
 228,Houndour,Dark,Fire,330,45,60,30,80,50,65
 229,Houndoom,Dark,Fire,500,75,90,50,110,80,95
 229,HoundoomMega Houndoom,Dark,Fire,600,75,90,90,140,90,115
 230,Kingdra,Water,Dragon,540,75,95,95,95,95,85
 231,Phanpy,Ground,,330,90,60,60,40,40,40
 232,Donphan,Ground,,500,90,120,120,60,60,50
 233,Porygon2,Normal,,515,85,80,90,105,95,60
 234,Stantler,Normal,,465,73,95,62,85,65,85
 235,Smeargle,Normal,,250,55,20,35,20,45,75
 236,Tyrogue,Fighting,,210,35,35,35,35,35,35
 237,Hitmontop,Fighting,,455,50,95,95,35,110,70
 238,Smoochum,Ice,Psychic,305,45,30,15,85,65,65
 239,Elekid,Electric,,360,45,63,37,65,55,95
 240,Magby,Fire,,365,45,75,37,70,55,83
 241,Miltank,Normal,,490,95,80,105,40,70,100
 242,Blissey,Normal,,540,255,10,10,75,135,55
 243,Raikou,Electric,,580,90,85,75,115,100,115
 244,Entei,Fire,,580,115,115,85,90,75,100
 245,Suicune,Water,,580,100,75,115,90,115,85
 246,Larvitar,Rock,Ground,300,50,64,50,45,50,41
 247,Pupitar,Rock,Ground,410,70,84,70,65,70,51
 248,Tyranitar,Rock,Dark,600,100,134,110,95,100,61
 248,TyranitarMega Tyranitar,Rock,Dark,700,100,164,150,95,120,71
 249,Lugia,Psychic,Flying,680,106,90,130,90,154,110
 250,Ho-oh,Fire,Flying,680,106,130,90,110,154,90
 251,Celebi,Psychic,Grass,600,100,100,100,100,100,100
 252,Treecko,Grass,,310,40,45,35,65,55,70
 253,Grovyle,Grass,,405,50,65,45,85,65,95
 254,Sceptile,Grass,,530,70,85,65,105,85,120
 254,SceptileMega Sceptile,Grass,Dragon,630,70,110,75,145,85,145
 255,Torchic,Fire,,310,45,60,40,70,50,45
 256,Combusken,Fire,Fighting,405,60,85,60,85,60,55
 257,Blaziken,Fire,Fighting,530,80,120,70,110,70,80
 257,BlazikenMega Blaziken,Fire,Fighting,630,80,160,80,130,80,100
 258,Mudkip,Water,,310,50,70,50,50,50,40
 259,Marshtomp,Water,Ground,405,70,85,70,60,70,50
 260,Swampert,Water,Ground,535,100,110,90,85,90,60
 260,SwampertMega Swampert,Water,Ground,635,100,150,110,95,110,70
 261,Poochyena,Dark,,220,35,55,35,30,30,35
 262,Mightyena,Dark,,420,70,90,70,60,60,70
 263,Zigzagoon,Normal,,240,38,30,41,30,41,60
 264,Linoone,Normal,,420,78,70,61,50,61,100
 265,Wurmple,Bug,,195,45,45,35,20,30,20
 266,Silcoon,Bug,,205,50,35,55,25,25,15
 267,Beautifly,Bug,Flying,395,60,70,50,100,50,65
 268,Cascoon,Bug,,205,50,35,55,25,25,15
 269,Dustox,Bug,Poison,385,60,50,70,50,90,65
 270,Lotad,Water,Grass,220,40,30,30,40,50,30
 271,Lombre,Water,Grass,340,60,50,50,60,70,50
 272,Ludicolo,Water,Grass,480,80,70,70,90,100,70
 273,Seedot,Grass,,220,40,40,50,30,30,30
 274,Nuzleaf,Grass,Dark,340,70,70,40,60,40,60
 275,Shiftry,Grass,Dark,480,90,100,60,90,60,80
 276,Taillow,Normal,Flying,270,40,55,30,30,30,85
 277,Swellow,Normal,Flying,430,60,85,60,50,50,125
 278,Wingull,Water,Flying,270,40,30,30,55,30,85
 279,Pelipper,Water,Flying,430,60,50,100,85,70,65
 280,Ralts,Psychic,Fairy,198,28,25,25,45,35,40
 281,Kirlia,Psychic,Fairy,278,38,35,35,65,55,50
 282,Gardevoir,Psychic,Fairy,518,68,65,65,125,115,80
 282,GardevoirMega Gardevoir,Psychic,Fairy,618,68,85,65,165,135,100
 283,Surskit,Bug,Water,269,40,30,32,50,52,65
 284,Masquerain,Bug,Flying,414,70,60,62,80,82,60
 285,Shroomish,Grass,,295,60,40,60,40,60,35
 286,Breloom,Grass,Fighting,460,60,130,80,60,60,70
 287,Slakoth,Normal,,280,60,60,60,35,35,30
 288,Vigoroth,Normal,,440,80,80,80,55,55,90
 289,Slaking,Normal,,670,150,160,100,95,65,100
 290,Nincada,Bug,Ground,266,31,45,90,30,30,40
 291,Ninjask,Bug,Flying,456,61,90,45,50,50,160
 292,Shedinja,Bug,Ghost,236,1,90,45,30,30,40
 293,Whismur,Normal,,240,64,51,23,51,23,28
 294,Loudred,Normal,,360,84,71,43,71,43,48
 295,Exploud,Normal,,490,104,91,63,91,73,68
 296,Makuhita,Fighting,,237,72,60,30,20,30,25
 297,Hariyama,Fighting,,474,144,120,60,40,60,50
 298,Azurill,Normal,Fairy,190,50,20,40,20,40,20
 299,Nosepass,Rock,,375,30,45,135,45,90,30
 300,Skitty,Normal,,260,50,45,45,35,35,50
 301,Delcatty,Normal,,380,70,65,65,55,55,70
 302,Sableye,Dark,Ghost,380,50,75,75,65,65,50
 302,SableyeMega Sableye,Dark,Ghost,480,50,85,125,85,115,20
 303,Mawile,Steel,Fairy,380,50,85,85,55,55,50
 303,MawileMega Mawile,Steel,Fairy,480,50,105,125,55,95,50
 304,Aron,Steel,Rock,330,50,70,100,40,40,30
 305,Lairon,Steel,Rock,430,60,90,140,50,50,40
 306,Aggron,Steel,Rock,530,70,110,180,60,60,50
 306,AggronMega Aggron,Steel,,630,70,140,230,60,80,50
 307,Meditite,Fighting,Psychic,280,30,40,55,40,55,60
 308,Medicham,Fighting,Psychic,410,60,60,75,60,75,80
 308,MedichamMega Medicham,Fighting,Psychic,510,60,100,85,80,85,100
 309,Electrike,Electric,,295,40,45,40,65,40,65
 310,Manectric,Electric,,475,70,75,60,105,60,105
 310,ManectricMega Manectric,Electric,,575,70,75,80,135,80,135
 311,Plusle,Electric,,405,60,50,40,85,75,95
 312,Minun,Electric,,405,60,40,50,75,85,95
 313,Volbeat,Bug,,400,65,73,55,47,75,85
 314,Illumise,Bug,,400,65,47,55,73,75,85
 315,Roselia,Grass,Poison,400,50,60,45,100,80,65
 316,Gulpin,Poison,,302,70,43,53,43,53,40
 317,Swalot,Poison,,467,100,73,83,73,83,55
 318,Carvanha,Water,Dark,305,45,90,20,65,20,65
 319,Sharpedo,Water,Dark,460,70,120,40,95,40,95
 319,SharpedoMega Sharpedo,Water,Dark,560,70,140,70,110,65,105
 320,Wailmer,Water,,400,130,70,35,70,35,60
 321,Wailord,Water,,500,170,90,45,90,45,60
 322,Numel,Fire,Ground,305,60,60,40,65,45,35
 323,Camerupt,Fire,Ground,460,70,100,70,105,75,40
 323,CameruptMega Camerupt,Fire,Ground,560,70,120,100,145,105,20
 324,Torkoal,Fire,,470,70,85,140,85,70,20
 325,Spoink,Psychic,,330,60,25,35,70,80,60
 326,Grumpig,Psychic,,470,80,45,65,90,110,80
 327,Spinda,Normal,,360,60,60,60,60,60,60
 328,Trapinch,Ground,,290,45,100,45,45,45,10
 329,Vibrava,Ground,Dragon,340,50,70,50,50,50,70
 330,Flygon,Ground,Dragon,520,80,100,80,80,80,100
 331,Cacnea,Grass,,335,50,85,40,85,40,35
 332,Cacturne,Grass,Dark,475,70,115,60,115,60,55
 333,Swablu,Normal,Flying,310,45,40,60,40,75,50
 334,Altaria,Dragon,Flying,490,75,70,90,70,105,80
 334,AltariaMega Altaria,Dragon,Fairy,590,75,110,110,110,105,80
 335,Zangoose,Normal,,458,73,115,60,60,60,90
 336,Seviper,Poison,,458,73,100,60,100,60,65
 337,Lunatone,Rock,Psychic,440,70,55,65,95,85,70
 338,Solrock,Rock,Psychic,440,70,95,85,55,65,70
 339,Barboach,Water,Ground,288,50,48,43,46,41,60
 340,Whiscash,Water,Ground,468,110,78,73,76,71,60
 341,Corphish,Water,,308,43,80,65,50,35,35
 342,Crawdaunt,Water,Dark,468,63,120,85,90,55,55
 343,Baltoy,Ground,Psychic,300,40,40,55,40,70,55
 344,Claydol,Ground,Psychic,500,60,70,105,70,120,75
 345,Lileep,Rock,Grass,355,66,41,77,61,87,23
 346,Cradily,Rock,Grass,495,86,81,97,81,107,43
 347,Anorith,Rock,Bug,355,45,95,50,40,50,75
 348,Armaldo,Rock,Bug,495,75,125,100,70,80,45
 349,Feebas,Water,,200,20,15,20,10,55,80
 350,Milotic,Water,,540,95,60,79,100,125,81
 351,Castform,Normal,,420,70,70,70,70,70,70
 352,Kecleon,Normal,,440,60,90,70,60,120,40
 353,Shuppet,Ghost,,295,44,75,35,63,33,45
 354,Banette,Ghost,,455,64,115,65,83,63,65
 354,BanetteMega Banette,Ghost,,555,64,165,75,93,83,75
 355,Duskull,Ghost,,295,20,40,90,30,90,25
 356,Dusclops,Ghost,,455,40,70,130,60,130,25
 357,Tropius,Grass,Flying,460,99,68,83,72,87,51
 358,Chimecho,Psychic,,425,65,50,70,95,80,65
 359,Absol,Dark,,465,65,130,60,75,60,75
 359,AbsolMega Absol,Dark,,565,65,150,60,115,60,115
 360,Wynaut,Psychic,,260,95,23,48,23,48,23
 361,Snorunt,Ice,,300,50,50,50,50,50,50
 362,Glalie,Ice,,480,80,80,80,80,80,80
 362,GlalieMega Glalie,Ice,,580,80,120,80,120,80,100
 363,Spheal,Ice,Water,290,70,40,50,55,50,25
 364,Sealeo,Ice,Water,410,90,60,70,75,70,45
 365,Walrein,Ice,Water,530,110,80,90,95,90,65
 366,Clamperl,Water,,345,35,64,85,74,55,32
 367,Huntail,Water,,485,55,104,105,94,75,52
 368,Gorebyss,Water,,485,55,84,105,114,75,52
 369,Relicanth,Water,Rock,485,100,90,130,45,65,55
 370,Luvdisc,Water,,330,43,30,55,40,65,97
 371,Bagon,Dragon,,300,45,75,60,40,30,50
 372,Shelgon,Dragon,,420,65,95,100,60,50,50
 373,Salamence,Dragon,Flying,600,95,135,80,110,80,100
 373,SalamenceMega Salamence,Dragon,Flying,700,95,145,130,120,90,120
 374,Beldum,Steel,Psychic,300,40,55,80,35,60,30
 375,Metang,Steel,Psychic,420,60,75,100,55,80,50
 376,Metagross,Steel,Psychic,600,80,135,130,95,90,70
 376,MetagrossMega Metagross,Steel,Psychic,700,80,145,150,105,110,110
 377,Regirock,Rock,,580,80,100,200,50,100,50
 378,Regice,Ice,,580,80,50,100,100,200,50
 379,Registeel,Steel,,580,80,75,150,75,150,50
 380,Latias,Dragon,Psychic,600,80,80,90,110,130,110
 380,LatiasMega Latias,Dragon,Psychic,700,80,100,120,140,150,110
 381,Latios,Dragon,Psychic,600,80,90,80,130,110,110
 381,LatiosMega Latios,Dragon,Psychic,700,80,130,100,160,120,110
 382,Kyogre,Water,,670,100,100,90,150,140,90
 382,KyogrePrimal Kyogre,Water,,770,100,150,90,180,160,90
 383,Groudon,Ground,,670,100,150,140,100,90,90
 383,GroudonPrimal Groudon,Ground,Fire,770,100,180,160,150,90,90
 384,Rayquaza,Dragon,Flying,680,105,150,90,150,90,95
 384,RayquazaMega Rayquaza,Dragon,Flying,780,105,180,100,180,100,115
 385,Jirachi,Steel,Psychic,600,100,100,100,100,100,100
 386,DeoxysNormal Forme,Psychic,,600,50,150,50,150,50,150
 386,DeoxysAttack Forme,Psychic,,600,50,180,20,180,20,150
 386,DeoxysDefense Forme,Psychic,,600,50,70,160,70,160,90
 386,DeoxysSpeed Forme,Psychic,,600,50,95,90,95,90,180
 387,Turtwig,Grass,,318,55,68,64,45,55,31
 388,Grotle,Grass,,405,75,89,85,55,65,36
 389,Torterra,Grass,Ground,525,95,109,105,75,85,56
 390,Chimchar,Fire,,309,44,58,44,58,44,61
 391,Monferno,Fire,Fighting,405,64,78,52,78,52,81
 392,Infernape,Fire,Fighting,534,76,104,71,104,71,108
 393,Piplup,Water,,314,53,51,53,61,56,40
 394,Prinplup,Water,,405,64,66,68,81,76,50
 395,Empoleon,Water,Steel,530,84,86,88,111,101,60
 396,Starly,Normal,Flying,245,40,55,30,30,30,60
 397,Staravia,Normal,Flying,340,55,75,50,40,40,80
 398,Staraptor,Normal,Flying,485,85,120,70,50,60,100
 399,Bidoof,Normal,,250,59,45,40,35,40,31
 400,Bibarel,Normal,Water,410,79,85,60,55,60,71
 401,Kricketot,Bug,,194,37,25,41,25,41,25
 402,Kricketune,Bug,,384,77,85,51,55,51,65
 403,Shinx,Electric,,263,45,65,34,40,34,45
 404,Luxio,Electric,,363,60,85,49,60,49,60
 405,Luxray,Electric,,523,80,120,79,95,79,70
 406,Budew,Grass,Poison,280,40,30,35,50,70,55
 407,Roserade,Grass,Poison,515,60,70,65,125,105,90
 408,Cranidos,Rock,,350,67,125,40,30,30,58
 409,Rampardos,Rock,,495,97,165,60,65,50,58
 410,Shieldon,Rock,Steel,350,30,42,118,42,88,30
 411,Bastiodon,Rock,Steel,495,60,52,168,47,138,30
 412,Burmy,Bug,,224,40,29,45,29,45,36
 413,WormadamPlant Cloak,Bug,Grass,424,60,59,85,79,105,36
 413,WormadamSandy Cloak,Bug,Ground,424,60,79,105,59,85,36
 413,WormadamTrash Cloak,Bug,Steel,424,60,69,95,69,95,36
 414,Mothim,Bug,Flying,424,70,94,50,94,50,66
 415,Combee,Bug,Flying,244,30,30,42,30,42,70
 416,Vespiquen,Bug,Flying,474,70,80,102,80,102,40
 417,Pachirisu,Electric,,405,60,45,70,45,90,95
 418,Buizel,Water,,330,55,65,35,60,30,85
 419,Floatzel,Water,,495,85,105,55,85,50,115
 420,Cherubi,Grass,,275,45,35,45,62,53,35
 421,Cherrim,Grass,,450,70,60,70,87,78,85
 422,Shellos,Water,,325,76,48,48,57,62,34
 423,Gastrodon,Water,Ground,475,111,83,68,92,82,39
 424,Ambipom,Normal,,482,75,100,66,60,66,115
 425,Drifloon,Ghost,Flying,348,90,50,34,60,44,70
 426,Drifblim,Ghost,Flying,498,150,80,44,90,54,80
 427,Buneary,Normal,,350,55,66,44,44,56,85
 428,Lopunny,Normal,,480,65,76,84,54,96,105
 428,LopunnyMega Lopunny,Normal,Fighting,580,65,136,94,54,96,135
 429,Mismagius,Ghost,,495,60,60,60,105,105,105
 430,Honchkrow,Dark,Flying,505,100,125,52,105,52,71
 431,Glameow,Normal,,310,49,55,42,42,37,85
 432,Purugly,Normal,,452,71,82,64,64,59,112
 433,Chingling,Psychic,,285,45,30,50,65,50,45
 434,Stunky,Poison,Dark,329,63,63,47,41,41,74
 435,Skuntank,Poison,Dark,479,103,93,67,71,61,84
 436,Bronzor,Steel,Psychic,300,57,24,86,24,86,23
 437,Bronzong,Steel,Psychic,500,67,89,116,79,116,33
 438,Bonsly,Rock,,290,50,80,95,10,45,10
 439,Mime Jr.,Psychic,Fairy,310,20,25,45,70,90,60
 440,Happiny,Normal,,220,100,5,5,15,65,30
 441,Chatot,Normal,Flying,411,76,65,45,92,42,91
 442,Spiritomb,Ghost,Dark,485,50,92,108,92,108,35
 443,Gible,Dragon,Ground,300,58,70,45,40,45,42
 444,Gabite,Dragon,Ground,410,68,90,65,50,55,82
 445,Garchomp,Dragon,Ground,600,108,130,95,80,85,102
 445,GarchompMega Garchomp,Dragon,Ground,700,108,170,115,120,95,92
 446,Munchlax,Normal,,390,135,85,40,40,85,5
 447,Riolu,Fighting,,285,40,70,40,35,40,60
 448,Lucario,Fighting,Steel,525,70,110,70,115,70,90
 448,LucarioMega Lucario,Fighting,Steel,625,70,145,88,140,70,112
 449,Hippopotas,Ground,,330,68,72,78,38,42,32
 450,Hippowdon,Ground,,525,108,112,118,68,72,47
 451,Skorupi,Poison,Bug,330,40,50,90,30,55,65
 452,Drapion,Poison,Dark,500,70,90,110,60,75,95
 453,Croagunk,Poison,Fighting,300,48,61,40,61,40,50
 454,Toxicroak,Poison,Fighting,490,83,106,65,86,65,85
 455,Carnivine,Grass,,454,74,100,72,90,72,46
 456,Finneon,Water,,330,49,49,56,49,61,66
 457,Lumineon,Water,,460,69,69,76,69,86,91
 458,Mantyke,Water,Flying,345,45,20,50,60,120,50
 459,Snover,Grass,Ice,334,60,62,50,62,60,40
 460,Abomasnow,Grass,Ice,494,90,92,75,92,85,60
 460,AbomasnowMega Abomasnow,Grass,Ice,594,90,132,105,132,105,30
 461,Weavile,Dark,Ice,510,70,120,65,45,85,125
 462,Magnezone,Electric,Steel,535,70,70,115,130,90,60
 463,Lickilicky,Normal,,515,110,85,95,80,95,50
 464,Rhyperior,Ground,Rock,535,115,140,130,55,55,40
 465,Tangrowth,Grass,,535,100,100,125,110,50,50
 466,Electivire,Electric,,540,75,123,67,95,85,95
 467,Magmortar,Fire,,540,75,95,67,125,95,83
 468,Togekiss,Fairy,Flying,545,85,50,95,120,115,80
 469,Yanmega,Bug,Flying,515,86,76,86,116,56,95
 470,Leafeon,Grass,,525,65,110,130,60,65,95
 471,Glaceon,Ice,,525,65,60,110,130,95,65
 472,Gliscor,Ground,Flying,510,75,95,125,45,75,95
 473,Mamoswine,Ice,Ground,530,110,130,80,70,60,80
 474,Porygon-Z,Normal,,535,85,80,70,135,75,90
 475,Gallade,Psychic,Fighting,518,68,125,65,65,115,80
 475,GalladeMega Gallade,Psychic,Fighting,618,68,165,95,65,115,110
 476,Probopass,Rock,Steel,525,60,55,145,75,150,40
 477,Dusknoir,Ghost,,525,45,100,135,65,135,45
 478,Froslass,Ice,Ghost,480,70,80,70,80,70,110
 479,Rotom,Electric,Ghost,440,50,50,77,95,77,91
 479,RotomHeat Rotom,Electric,Fire,520,50,65,107,105,107,86
 479,RotomWash Rotom,Electric,Water,520,50,65,107,105,107,86
 479,RotomFrost Rotom,Electric,Ice,520,50,65,107,105,107,86
 479,RotomFan Rotom,Electric,Flying,520,50,65,107,105,107,86
 479,RotomMow Rotom,Electric,Grass,520,50,65,107,105,107,86
 480,Uxie,Psychic,,580,75,75,130,75,130,95
 481,Mesprit,Psychic,,580,80,105,105,105,105,80
 482,Azelf,Psychic,,580,75,125,70,125,70,115
 483,Dialga,Steel,Dragon,680,100,120,120,150,100,90
 484,Palkia,Water,Dragon,680,90,120,100,150,120,100
 485,Heatran,Fire,Steel,600,91,90,106,130,106,77
 486,Regigigas,Normal,,670,110,160,110,80,110,100
 487,GiratinaAltered Forme,Ghost,Dragon,680,150,100,120,100,120,90
 487,GiratinaOrigin Forme,Ghost,Dragon,680,150,120,100,120,100,90
 488,Cresselia,Psychic,,600,120,70,120,75,130,85
 489,Phione,Water,,480,80,80,80,80,80,80
 490,Manaphy,Water,,600,100,100,100,100,100,100
 491,Darkrai,Dark,,600,70,90,90,135,90,125
 492,ShayminLand Forme,Grass,,600,100,100,100,100,100,100
 492,ShayminSky Forme,Grass,Flying,600,100,103,75,120,75,127
 493,Arceus,Normal,,720,120,120,120,120,120,120
 494,Victini,Psychic,Fire,600,100,100,100,100,100,100
 495,Snivy,Grass,,308,45,45,55,45,55,63
 496,Servine,Grass,,413,60,60,75,60,75,83
 497,Serperior,Grass,,528,75,75,95,75,95,113
 498,Tepig,Fire,,308,65,63,45,45,45,45
 499,Pignite,Fire,Fighting,418,90,93,55,70,55,55
 500,Emboar,Fire,Fighting,528,110,123,65,100,65,65
 501,Oshawott,Water,,308,55,55,45,63,45,45
 502,Dewott,Water,,413,75,75,60,83,60,60
 503,Samurott,Water,,528,95,100,85,108,70,70
 504,Patrat,Normal,,255,45,55,39,35,39,42
 505,Watchog,Normal,,420,60,85,69,60,69,77
 506,Lillipup,Normal,,275,45,60,45,25,45,55
 507,Herdier,Normal,,370,65,80,65,35,65,60
 508,Stoutland,Normal,,500,85,110,90,45,90,80
 509,Purrloin,Dark,,281,41,50,37,50,37,66
 510,Liepard,Dark,,446,64,88,50,88,50,106
 511,Pansage,Grass,,316,50,53,48,53,48,64
 512,Simisage,Grass,,498,75,98,63,98,63,101
 513,Pansear,Fire,,316,50,53,48,53,48,64
 514,Simisear,Fire,,498,75,98,63,98,63,101
 515,Panpour,Water,,316,50,53,48,53,48,64
 516,Simipour,Water,,498,75,98,63,98,63,101
 517,Munna,Psychic,,292,76,25,45,67,55,24
 518,Musharna,Psychic,,487,116,55,85,107,95,29
 519,Pidove,Normal,Flying,264,50,55,50,36,30,43
 520,Tranquill,Normal,Flying,358,62,77,62,50,42,65
 521,Unfezant,Normal,Flying,488,80,115,80,65,55,93
 522,Blitzle,Electric,,295,45,60,32,50,32,76
 523,Zebstrika,Electric,,497,75,100,63,80,63,116
 524,Roggenrola,Rock,,280,55,75,85,25,25,15
 525,Boldore,Rock,,390,70,105,105,50,40,20
 526,Gigalith,Rock,,515,85,135,130,60,80,25
 527,Woobat,Psychic,Flying,313,55,45,43,55,43,72
 528,Swoobat,Psychic,Flying,425,67,57,55,77,55,114
 529,Drilbur,Ground,,328,60,85,40,30,45,68
 530,Excadrill,Ground,Steel,508,110,135,60,50,65,88
 531,Audino,Normal,,445,103,60,86,60,86,50
 531,AudinoMega Audino,Normal,Fairy,545,103,60,126,80,126,50
 532,Timburr,Fighting,,305,75,80,55,25,35,35
 533,Gurdurr,Fighting,,405,85,105,85,40,50,40
 534,Conkeldurr,Fighting,,505,105,140,95,55,65,45
 535,Tympole,Water,,294,50,50,40,50,40,64
 536,Palpitoad,Water,Ground,384,75,65,55,65,55,69
 537,Seismitoad,Water,Ground,509,105,95,75,85,75,74
 538,Throh,Fighting,,465,120,100,85,30,85,45
 539,Sawk,Fighting,,465,75,125,75,30,75,85
 540,Sewaddle,Bug,Grass,310,45,53,70,40,60,42
 541,Swadloon,Bug,Grass,380,55,63,90,50,80,42
 542,Leavanny,Bug,Grass,500,75,103,80,70,80,92
 543,Venipede,Bug,Poison,260,30,45,59,30,39,57
 544,Whirlipede,Bug,Poison,360,40,55,99,40,79,47
 545,Scolipede,Bug,Poison,485,60,100,89,55,69,112
 546,Cottonee,Grass,Fairy,280,40,27,60,37,50,66
 547,Whimsicott,Grass,Fairy,480,60,67,85,77,75,116
 548,Petilil,Grass,,280,45,35,50,70,50,30
 549,Lilligant,Grass,,480,70,60,75,110,75,90
 550,Basculin,Water,,460,70,92,65,80,55,98
 551,Sandile,Ground,Dark,292,50,72,35,35,35,65
 552,Krokorok,Ground,Dark,351,60,82,45,45,45,74
 553,Krookodile,Ground,Dark,519,95,117,80,65,70,92
 554,Darumaka,Fire,,315,70,90,45,15,45,50
 555,DarmanitanStandard Mode,Fire,,480,105,140,55,30,55,95
 555,DarmanitanZen Mode,Fire,Psychic,540,105,30,105,140,105,55
 556,Maractus,Grass,,461,75,86,67,106,67,60
 557,Dwebble,Bug,Rock,325,50,65,85,35,35,55
 558,Crustle,Bug,Rock,475,70,95,125,65,75,45
 559,Scraggy,Dark,Fighting,348,50,75,70,35,70,48
 560,Scrafty,Dark,Fighting,488,65,90,115,45,115,58
 561,Sigilyph,Psychic,Flying,490,72,58,80,103,80,97
 562,Yamask,Ghost,,303,38,30,85,55,65,30
 563,Cofagrigus,Ghost,,483,58,50,145,95,105,30
 564,Tirtouga,Water,Rock,355,54,78,103,53,45,22
 565,Carracosta,Water,Rock,495,74,108,133,83,65,32
 566,Archen,Rock,Flying,401,55,112,45,74,45,70
 567,Archeops,Rock,Flying,567,75,140,65,112,65,110
 568,Trubbish,Poison,,329,50,50,62,40,62,65
 569,Garbodor,Poison,,474,80,95,82,60,82,75
 570,Zorua,Dark,,330,40,65,40,80,40,65
 571,Zoroark,Dark,,510,60,105,60,120,60,105
 572,Minccino,Normal,,300,55,50,40,40,40,75
 573,Cinccino,Normal,,470,75,95,60,65,60,115
 574,Gothita,Psychic,,290,45,30,50,55,65,45
 575,Gothorita,Psychic,,390,60,45,70,75,85,55
 576,Gothitelle,Psychic,,490,70,55,95,95,110,65
 577,Solosis,Psychic,,290,45,30,40,105,50,20
 578,Duosion,Psychic,,370,65,40,50,125,60,30
 579,Reuniclus,Psychic,,490,110,65,75,125,85,30
 580,Ducklett,Water,Flying,305,62,44,50,44,50,55
 581,Swanna,Water,Flying,473,75,87,63,87,63,98
 582,Vanillite,Ice,,305,36,50,50,65,60,44
 583,Vanillish,Ice,,395,51,65,65,80,75,59
 584,Vanilluxe,Ice,,535,71,95,85,110,95,79
 585,Deerling,Normal,Grass,335,60,60,50,40,50,75
 586,Sawsbuck,Normal,Grass,475,80,100,70,60,70,95
 587,Emolga,Electric,Flying,428,55,75,60,75,60,103
 588,Karrablast,Bug,,315,50,75,45,40,45,60
 589,Escavalier,Bug,Steel,495,70,135,105,60,105,20
 590,Foongus,Grass,Poison,294,69,55,45,55,55,15
 591,Amoonguss,Grass,Poison,464,114,85,70,85,80,30
 592,Frillish,Water,Ghost,335,55,40,50,65,85,40
 593,Jellicent,Water,Ghost,480,100,60,70,85,105,60
 594,Alomomola,Water,,470,165,75,80,40,45,65
 595,Joltik,Bug,Electric,319,50,47,50,57,50,65
 596,Galvantula,Bug,Electric,472,70,77,60,97,60,108
 597,Ferroseed,Grass,Steel,305,44,50,91,24,86,10
 598,Ferrothorn,Grass,Steel,489,74,94,131,54,116,20
 599,Klink,Steel,,300,40,55,70,45,60,30
 600,Klang,Steel,,440,60,80,95,70,85,50
 601,Klinklang,Steel,,520,60,100,115,70,85,90
 602,Tynamo,Electric,,275,35,55,40,45,40,60
 603,Eelektrik,Electric,,405,65,85,70,75,70,40
 604,Eelektross,Electric,,515,85,115,80,105,80,50
 605,Elgyem,Psychic,,335,55,55,55,85,55,30
 606,Beheeyem,Psychic,,485,75,75,75,125,95,40
 607,Litwick,Ghost,Fire,275,50,30,55,65,55,20
 608,Lampent,Ghost,Fire,370,60,40,60,95,60,55
 609,Chandelure,Ghost,Fire,520,60,55,90,145,90,80
 610,Axew,Dragon,,320,46,87,60,30,40,57
 611,Fraxure,Dragon,,410,66,117,70,40,50,67
 612,Haxorus,Dragon,,540,76,147,90,60,70,97
 613,Cubchoo,Ice,,305,55,70,40,60,40,40
 614,Beartic,Ice,,485,95,110,80,70,80,50
 615,Cryogonal,Ice,,485,70,50,30,95,135,105
 616,Shelmet,Bug,,305,50,40,85,40,65,25
 617,Accelgor,Bug,,495,80,70,40,100,60,145
 618,Stunfisk,Ground,Electric,471,109,66,84,81,99,32
 619,Mienfoo,Fighting,,350,45,85,50,55,50,65
 620,Mienshao,Fighting,,510,65,125,60,95,60,105
 621,Druddigon,Dragon,,485,77,120,90,60,90,48
 622,Golett,Ground,Ghost,303,59,74,50,35,50,35
 623,Golurk,Ground,Ghost,483,89,124,80,55,80,55
 624,Pawniard,Dark,Steel,340,45,85,70,40,40,60
 625,Bisharp,Dark,Steel,490,65,125,100,60,70,70
 626,Bouffalant,Normal,,490,95,110,95,40,95,55
 627,Rufflet,Normal,Flying,350,70,83,50,37,50,60
 628,Braviary,Normal,Flying,510,100,123,75,57,75,80
 629,Vullaby,Dark,Flying,370,70,55,75,45,65,60
 630,Mandibuzz,Dark,Flying,510,110,65,105,55,95,80
 631,Heatmor,Fire,,484,85,97,66,105,66,65
 632,Durant,Bug,Steel,484,58,109,112,48,48,109
 633,Deino,Dark,Dragon,300,52,65,50,45,50,38
 634,Zweilous,Dark,Dragon,420,72,85,70,65,70,58
 635,Hydreigon,Dark,Dragon,600,92,105,90,125,90,98
 636,Larvesta,Bug,Fire,360,55,85,55,50,55,60
 637,Volcarona,Bug,Fire,550,85,60,65,135,105,100
 638,Cobalion,Steel,Fighting,580,91,90,129,90,72,108
 639,Terrakion,Rock,Fighting,580,91,129,90,72,90,108
 640,Virizion,Grass,Fighting,580,91,90,72,90,129,108
 641,TornadusIncarnate Forme,Flying,,580,79,115,70,125,80,111
 641,TornadusTherian Forme,Flying,,580,79,100,80,110,90,121
 642,ThundurusIncarnate Forme,Electric,Flying,580,79,115,70,125,80,111
 642,ThundurusTherian Forme,Electric,Flying,580,79,105,70,145,80,101
 643,Reshiram,Dragon,Fire,680,100,120,100,150,120,90
 644,Zekrom,Dragon,Electric,680,100,150,120,120,100,90
 645,LandorusIncarnate Forme,Ground,Flying,600,89,125,90,115,80,101
 645,LandorusTherian Forme,Ground,Flying,600,89,145,90,105,80,91
 646,Kyurem,Dragon,Ice,660,125,130,90,130,90,95
 646,KyuremBlack Kyurem,Dragon,Ice,700,125,170,100,120,90,95
 646,KyuremWhite Kyurem,Dragon,Ice,700,125,120,90,170,100,95
 647,KeldeoOrdinary Forme,Water,Fighting,580,91,72,90,129,90,108
 647,KeldeoResolute Forme,Water,Fighting,580,91,72,90,129,90,108
 648,MeloettaAria Forme,Normal,Psychic,600,100,77,77,128,128,90
 648,MeloettaPirouette Forme,Normal,Fighting,600,100,128,90,77,77,128
 649,Genesect,Bug,Steel,600,71,120,95,120,95,99
 650,Chespin,Grass,,313,56,61,65,48,45,38
 651,Quilladin,Grass,,405,61,78,95,56,58,57
 652,Chesnaught,Grass,Fighting,530,88,107,122,74,75,64
 653,Fennekin,Fire,,307,40,45,40,62,60,60
 654,Braixen,Fire,,409,59,59,58,90,70,73
 655,Delphox,Fire,Psychic,534,75,69,72,114,100,104
 656,Froakie,Water,,314,41,56,40,62,44,71
 657,Frogadier,Water,,405,54,63,52,83,56,97
 658,Greninja,Water,Dark,530,72,95,67,103,71,122
 659,Bunnelby,Normal,,237,38,36,38,32,36,57
 660,Diggersby,Normal,Ground,423,85,56,77,50,77,78
 661,Fletchling,Normal,Flying,278,45,50,43,40,38,62
 662,Fletchinder,Fire,Flying,382,62,73,55,56,52,84
 663,Talonflame,Fire,Flying,499,78,81,71,74,69,126
 664,Scatterbug,Bug,,200,38,35,40,27,25,35
 665,Spewpa,Bug,,213,45,22,60,27,30,29
 666,Vivillon,Bug,Flying,411,80,52,50,90,50,89
 667,Litleo,Fire,Normal,369,62,50,58,73,54,72
 668,Pyroar,Fire,Normal,507,86,68,72,109,66,106
 669,Flabébé,Fairy,,303,44,38,39,61,79,42
 670,Floette,Fairy,,371,54,45,47,75,98,52
 671,Florges,Fairy,,552,78,65,68,112,154,75
 672,Skiddo,Grass,,350,66,65,48,62,57,52
 673,Gogoat,Grass,,531,123,100,62,97,81,68
 674,Pancham,Fighting,,348,67,82,62,46,48,43
 675,Pangoro,Fighting,Dark,495,95,124,78,69,71,58
 676,Furfrou,Normal,,472,75,80,60,65,90,102
 677,Espurr,Psychic,,355,62,48,54,63,60,68
 678,MeowsticMale,Psychic,,466,74,48,76,83,81,104
 678,MeowsticFemale,Psychic,,466,74,48,76,83,81,104
 679,Honedge,Steel,Ghost,325,45,80,100,35,37,28
 680,Doublade,Steel,Ghost,448,59,110,150,45,49,35
 681,AegislashBlade Forme,Steel,Ghost,520,60,150,50,150,50,60
 681,AegislashShield Forme,Steel,Ghost,520,60,50,150,50,150,60
 682,Spritzee,Fairy,,341,78,52,60,63,65,23
 683,Aromatisse,Fairy,,462,101,72,72,99,89,29
 684,Swirlix,Fairy,,341,62,48,66,59,57,49
 685,Slurpuff,Fairy,,480,82,80,86,85,75,72
 686,Inkay,Dark,Psychic,288,53,54,53,37,46,45
 687,Malamar,Dark,Psychic,482,86,92,88,68,75,73
 688,Binacle,Rock,Water,306,42,52,67,39,56,50
 689,Barbaracle,Rock,Water,500,72,105,115,54,86,68
 690,Skrelp,Poison,Water,320,50,60,60,60,60,30
 691,Dragalge,Poison,Dragon,494,65,75,90,97,123,44
 692,Clauncher,Water,,330,50,53,62,58,63,44
 693,Clawitzer,Water,,500,71,73,88,120,89,59
 694,Helioptile,Electric,Normal,289,44,38,33,61,43,70
 695,Heliolisk,Electric,Normal,481,62,55,52,109,94,109
 696,Tyrunt,Rock,Dragon,362,58,89,77,45,45,48
 697,Tyrantrum,Rock,Dragon,521,82,121,119,69,59,71
 698,Amaura,Rock,Ice,362,77,59,50,67,63,46
 699,Aurorus,Rock,Ice,521,123,77,72,99,92,58
 700,Sylveon,Fairy,,525,95,65,65,110,130,60
 701,Hawlucha,Fighting,Flying,500,78,92,75,74,63,118
 702,Dedenne,Electric,Fairy,431,67,58,57,81,67,101
 703,Carbink,Rock,Fairy,500,50,50,150,50,150,50
 704,Goomy,Dragon,,300,45,50,35,55,75,40
 705,Sliggoo,Dragon,,452,68,75,53,83,113,60
 706,Goodra,Dragon,,600,90,100,70,110,150,80
 707,Klefki,Steel,Fairy,470,57,80,91,80,87,75
 708,Phantump,Ghost,Grass,309,43,70,48,50,60,38
 709,Trevenant,Ghost,Grass,474,85,110,76,65,82,56
 710,PumpkabooAverage Size,Ghost,Grass,335,49,66,70,44,55,51
 710,PumpkabooSmall Size,Ghost,Grass,335,44,66,70,44,55,56
 710,PumpkabooLarge Size,Ghost,Grass,335,54,66,70,44,55,46
 710,PumpkabooSuper Size,Ghost,Grass,335,59,66,70,44,55,41
 711,GourgeistAverage Size,Ghost,Grass,494,65,90,122,58,75,84
 711,GourgeistSmall Size,Ghost,Grass,494,55,85,122,58,75,99
 711,GourgeistLarge Size,Ghost,Grass,494,75,95,122,58,75,69
 711,GourgeistSuper Size,Ghost,Grass,494,85,100,122,58,75,54
 712,Bergmite,Ice,,304,55,69,85,32,35,28
 713,Avalugg,Ice,,514,95,117,184,44,46,28
 714,Noibat,Flying,Dragon,245,40,30,35,45,40,55
 715,Noivern,Flying,Dragon,535,85,70,80,97,80,123
 716,Xerneas,Fairy,,680,126,131,95,131,98,99
 717,Yveltal,Dark,Flying,680,126,131,95,131,98,99
 718,Zygarde50% Forme,Dragon,Ground,600,108,100,121,81,95,95
 719,Diancie,Rock,Fairy,600,50,100,150,100,150,50
 719,DiancieMega Diancie,Rock,Fairy,700,50,160,110,160,110,110
 720,HoopaHoopa Confined,Psychic,Ghost,600,80,110,60,150,130,70
 720,HoopaHoopa Unbound,Psychic,Dark,680,80,160,60,170,130,80
 721,Volcanion,Fire,Water,600,80,110,120,130,90,70
